{"timestamp":1748777841783,"random":0.9913052239039797,"counter":86,"data":[0.21520337659990174,0.5212914157957738,0.316525088338238,0.7906556269673606,0.5689308693592381]}
