{"timestamp":1748778104331,"random":0.909893383894645,"counter":114,"data":[0.6728696471581461]}
