{"timestamp":1748778000216,"random":0.6302327623378192,"counter":102,"data":[0.4432852568300383]}
