{"timestamp":1748777396459,"random":0.6360704557422847,"counter":170,"data":[0.8569676230837244,0.6454070785744819,0.3635872766889061]}
