{"timestamp":1748777443996,"random":0.11229051222009745,"counter":299,"data":[0.5417074801638577,0.12679956828737593,0.1788285407807897]}
