{"timestamp":1748778118763,"random":0.9314390181741019,"counter":158,"data":[0.363385989176767,0.22251219198181316,0.0663860389300639,0.31095724160481963,0.8023265087997702]}
