{"timestamp":1748778572836,"random":0.8150933897357973,"counter":567,"data":[0.34385708469163867,0.231514677667769,0.06651478366372099]}
