{"timestamp":1748778828341,"random":0.6426940700373474,"counter":81,"data":[0.37079854460631934,0.5559625894330251,0.3687362144012263,0.7951941618946372,0.1653147636224943]}
