{"timestamp":1748777904647,"random":0.818188058870347,"counter":580,"data":[0.94889058137271,0.8412654832682951,0.4547578477581935]}
