{"timestamp":1748777348749,"random":0.36360112861907123,"counter":665,"data":[0.10528425564773536,0.9003431540229903,0.8301022443700423,0.19381797471465112,0.2612024134755402]}
