{"timestamp":1748777641222,"random":0.6486079343205882,"counter":106,"data":[0.8415679168804955,0.7317944747720064,0.05466501500757004]}
