{"timestamp":1748778991308,"random":0.4535767414081098,"counter":474,"data":[0.9101252079118156]}
