{"timestamp":1748778766261,"random":0.22265317438697996,"counter":817,"data":[0.5954762870464547,0.4108840959728921,0.6167966633666644]}
