{"timestamp":1748778670042,"random":0.5347023681051517,"counter":806,"data":[0.6784979642505504]}
