{"timestamp":1748778689754,"random":0.36977283642012093,"counter":545,"data":[0.6636215028499,0.5163325447485199,0.6954779176876831,0.868933905074083]}
