{"timestamp":1748777122806,"random":0.7728413181919385,"counter":465,"data":[0.03220032807916784,0.9650590932670569,0.9121910439380267]}
