{"timestamp":1748778466096,"random":0.018748541406811148,"counter":173,"data":[0.194902066073392,0.4898399715375863,0.9100102952023981,0.5458269259749109,0.3041266419862769]}
