{"timestamp":1748777408843,"random":0.20862534015860823,"counter":1,"data":[0.2849078857542082,0.30123291749950143,0.46733742315210636,0.6011127994214529,0.7305376926762508]}
