{"timestamp":1748777648074,"random":0.3351787823891592,"counter":810,"data":[0.9163690324589817,0.4178164293048825,0.6635095075374635,0.4286325790880794]}
