{"timestamp":1748778159595,"random":0.026633386757751953,"counter":254,"data":[0.5957594885651807]}
