{"timestamp":1748778722031,"random":0.10266234121919382,"counter":940,"data":[0.7378746148019686,0.8049706050647556,0.6682812990103919,0.4130704462153907]}
