{"timestamp":1748777281371,"random":0.2525788856437534,"counter":20,"data":[0.6382147884115019]}
