{"timestamp":1748778508173,"random":0.20448019583936294,"counter":736,"data":[0.3858586269798181]}
