{"timestamp":1748777962489,"random":0.43429211868961204,"counter":10,"data":[0.927091815147773,0.5722195217023116]}
