{"timestamp":1748777837264,"random":0.035901553802903274,"counter":811,"data":[0.8036691382345007,0.29147194043225744]}
