{"timestamp":1748778247616,"random":0.113547455309992,"counter":869,"data":[0.8596372528084253,0.9067612705103483,0.3556554835459491,0.5098433725815747,0.3500600457569003]}
