{"timestamp":1748777928190,"random":0.44015948835623364,"counter":188,"data":[0.6103719957671767,0.3630334160581854,0.7971971094301047,0.09948832239484262]}
