{"timestamp":1748778493797,"random":0.5381440722717377,"counter":536,"data":[0.6710777389723215,0.9593310850833021]}
