{"timestamp":1748778985999,"random":0.34896260340391727,"counter":870,"data":[0.7442843328826321,0.15046864475592692,0.6349367175845197,0.03668994336279985,0.523497602866092]}
