{"timestamp":1748777724395,"random":0.19798780188305343,"counter":894,"data":[0.6839541136429466,0.21392287351086958,0.01685686293930977,0.9273147740110674]}
