{"timestamp":1748778630431,"random":0.6304519984870671,"counter":414,"data":[0.5087758354315721,0.4475733132827655,0.6080856821516865,0.946660769825957,0.3971037922227667]}
