{"timestamp":1748778887069,"random":0.016966468330315232,"counter":768,"data":[0.3344778941406459,0.6917685892439775]}
