{"timestamp":1748777136313,"random":0.722862673698996,"counter":108,"data":[0.37218525478666464,0.5325852218643745,0.5172984301989445]}
