{"timestamp":1748778249103,"random":0.3368890801206985,"counter":672,"data":[0.9894843659439065]}
