{"timestamp":1748777790840,"random":0.7862603498438687,"counter":223,"data":[0.24287218638414365,0.7637823122989986,0.9221696936161634]}
