{"timestamp":1748777150686,"random":0.5227046726725983,"counter":612,"data":[0.03594422216495352,0.8768903621456214,0.5702841843996151]}
