{"timestamp":1748778077904,"random":0.27455572594902566,"counter":836,"data":[0.3788523878113834,0.3950638290962125,0.08390343964162872,0.909544300549044]}
