{"timestamp":1748778369267,"random":0.6836355552739617,"counter":391,"data":[0.5444317656376643,0.14054607483968007]}
