{"timestamp":1748778323088,"random":0.0007420883877262696,"counter":850,"data":[0.18715734291206498,0.7392094065816766]}
