{"timestamp":1748778690495,"random":0.45807808272020445,"counter":616,"data":[0.9545167402257093,0.9567236501843095,0.8933609593726677,0.5819672963759608]}
