{"timestamp":1748778522664,"random":0.7331084778739014,"counter":123,"data":[0.796169049390663,0.42494672436955216,0.11614164460448251,0.9987663695885953,0.5370388531287313]}
