{"timestamp":1748778864979,"random":0.3705027661093663,"counter":445,"data":[0.8638797850094977,0.04077064953823473,0.6219568589880498,0.5473451732140959,0.7464427557726359]}
