{"timestamp":1748777914102,"random":0.9104159781117815,"counter":562,"data":[0.5745603070306513]}
