{"timestamp":1748778590665,"random":0.5923102685444206,"counter":366,"data":[0.5541953446699306,0.794366489545119]}
