{"timestamp":1748777158864,"random":0.138085851970408,"counter":499,"data":[0.6765865478229964,0.9915251516897183,0.897636021099971]}
